Customer_ID,Name,Age,Gender,Purchase_Amount,City,Signup_Date,Feedback_Score,Subscribed
CUST0001,Divya,,M,1000.0,Chennai,2021-01-29,2.0,
CUST0002,Kumar,45.0,,1500.0,,2021-02-28,3.0,Yes
CUST0003,Vikram,,male,500.0,,2021-03-12,3.0,Yes
CUST0004,Kumar,,F,1000.0,Bangalore,2021-04-02,5.0,N
CUST0005,Kumar,40.0,female,,,2021-09-22,3.0,N
CUST0006,Priya,,female,1500.0,Delhi,2021-08-08,4.0,yes
CUST0007,Vikram,35.0,,1500.0,,2021-08-03,3.0,No
CUST0008,Vikram,,female,1000.0,Bangalore,2021-10-04,2.0,Y
CUST0009,Vikram,,,500.0,,2021-03-05,3.0,Y
CUST0010,Kumar,,M,,,2021-12-12,1.0,Y
CUST0011,Divya,25.0,F,500.0,,2021-10-19,,Yes
CUST0012,Vikram,35.0,Female,2000.0,,2021-09-02,2.0,N
CUST0013,,35.0,male,2000.0,Bangalore,2021-03-03,1.0,No
CUST0014,Kumar,45.0,Female,1000.0,,2021-11-28,2.0,Yes
CUST0015,Priya,40.0,M,1000.0,Chennai,2021-06-19,4.0,
CUST0016,Divya,,male,1000.0,Delhi,2021-09-26,,N
CUST0017,,30.0,female,2000.0,,2021-09-24,,N
CUST0018,,40.0,Male,500.0,Bangalore,2021-02-23,4.0,no
CUST0019,Priya,40.0,M,500.0,Hyderabad,2021-01-16,,no
CUST0020,Divya,35.0,M,1000.0,Chennai,2021-01-08,4.0,No
CUST0021,Kumar,40.0,F,,Hyderabad,2021-04-14,1.0,
CUST0022,Arun,,Female,500.0,,2021-02-28,5.0,No
CUST0023,Divya,,M,2000.0,Chennai,2021-11-09,2.0,No
CUST0024,Priya,25.0,M,1500.0,Delhi,2021-02-09,4.0,Yes
CUST0025,,,female,1500.0,,2021-08-25,2.0,yes
CUST0026,Kumar,,female,1500.0,Delhi,2021-04-04,1.0,No
CUST0027,Divya,35.0,male,,,2021-08-10,5.0,no
CUST0028,Arun,,,1000.0,Hyderabad,2021-07-23,1.0,yes
CUST0029,Arun,25.0,,2000.0,Chennai,2021-05-18,,Yes
CUST0030,Vikram,30.0,Male,,Delhi,2021-10-27,2.0,yes
CUST0031,Vikram,35.0,,2000.0,Bangalore,2021-07-26,5.0,Y
CUST0032,Priya,30.0,F,2000.0,Delhi,2021-12-02,,
CUST0033,Divya,35.0,Male,1000.0,Bangalore,2021-03-22,5.0,yes
CUST0034,Divya,45.0,male,1500.0,,2021-08-06,,No
CUST0035,,40.0,female,1000.0,Chennai,2021-01-02,1.0,Yes
CUST0036,,45.0,,,Delhi,2021-06-27,4.0,
CUST0037,,,Female,,Delhi,2021-12-12,2.0,No
CUST0038,Vikram,30.0,female,,Chennai,2021-10-06,3.0,
CUST0039,Divya,,F,1000.0,Delhi,2021-05-26,3.0,no
CUST0040,Divya,40.0,female,2000.0,Bangalore,2021-11-14,1.0,Y
CUST0041,Arun,35.0,F,2000.0,Delhi,2021-08-12,2.0,no
CUST0042,Vikram,40.0,F,500.0,Hyderabad,2021-03-03,2.0,No
CUST0043,Kumar,25.0,F,,,2021-10-21,1.0,No
CUST0044,Vikram,40.0,male,2000.0,,2021-08-27,2.0,No
CUST0045,Kumar,25.0,F,500.0,Bangalore,2021-07-14,4.0,N
CUST0046,Arun,40.0,F,2000.0,Hyderabad,2021-06-15,1.0,Y
CUST0047,Priya,25.0,Female,,,2021-08-10,4.0,
CUST0048,Divya,30.0,Male,1500.0,Chennai,2021-03-02,2.0,No
CUST0049,Arun,,M,,Bangalore,2021-05-09,1.0,No
CUST0050,Divya,,Male,1000.0,,2021-06-22,2.0,
CUST0051,,45.0,F,2000.0,,2021-06-05,1.0,no
CUST0052,Priya,,Female,2000.0,,2021-04-20,2.0,no
CUST0053,Priya,35.0,female,1000.0,Chennai,2021-09-26,4.0,No
CUST0054,Arun,40.0,Female,1000.0,Chennai,2021-12-22,4.0,Yes
CUST0055,Priya,45.0,F,1500.0,Bangalore,2021-10-05,2.0,N
CUST0056,Kumar,35.0,Female,2000.0,Delhi,2021-03-15,1.0,no
CUST0057,Priya,35.0,,2000.0,Chennai,2021-07-26,3.0,Yes
CUST0058,Divya,25.0,Female,1500.0,,2021-10-06,4.0,N
CUST0059,Divya,,F,500.0,Delhi,2021-11-22,4.0,No
CUST0060,Divya,30.0,male,1500.0,Hyderabad,2021-12-06,,Y
CUST0061,Divya,30.0,,,,2021-12-23,3.0,yes
CUST0062,Kumar,45.0,Female,2000.0,Delhi,2021-12-06,2.0,yes
CUST0063,Vikram,30.0,M,1000.0,,2021-07-23,1.0,No
CUST0064,,40.0,M,,Delhi,2021-06-10,,no
CUST0065,Arun,30.0,Female,2000.0,Hyderabad,2021-01-28,2.0,Yes
CUST0066,Divya,45.0,male,1500.0,Chennai,2021-09-14,5.0,Y
CUST0067,Priya,30.0,female,,Hyderabad,2021-06-14,4.0,
CUST0068,Divya,40.0,F,2000.0,Chennai,2021-03-04,5.0,N
CUST0069,Priya,25.0,M,500.0,Chennai,2021-01-22,4.0,No
CUST0070,,45.0,female,500.0,,2021-03-11,4.0,Y
CUST0071,,25.0,Female,1000.0,,2021-04-06,5.0,Y
CUST0072,,25.0,female,2000.0,Hyderabad,2021-06-12,5.0,no
CUST0073,Priya,25.0,,500.0,Delhi,2021-03-20,2.0,N
CUST0074,Divya,35.0,Male,1500.0,Hyderabad,2021-01-05,,Y
CUST0075,,,M,2000.0,,2021-11-12,,no
CUST0076,Kumar,35.0,Female,1500.0,Chennai,2021-04-30,5.0,Yes
CUST0077,Priya,,F,1500.0,,2021-10-29,2.0,no
CUST0078,Priya,25.0,male,500.0,Bangalore,2021-06-27,,Yes
CUST0079,Divya,45.0,,2000.0,Bangalore,2021-06-25,2.0,Yes
CUST0080,Priya,,Female,,Delhi,2021-08-05,2.0,
CUST0081,Priya,40.0,F,500.0,,2021-02-25,4.0,
CUST0082,,40.0,male,500.0,Delhi,2021-07-06,,Y
CUST0083,Divya,30.0,male,2000.0,Delhi,2021-08-20,,no
CUST0084,,,Female,2000.0,Bangalore,2021-09-12,4.0,
CUST0085,,45.0,,1500.0,Delhi,2021-04-14,5.0,Yes
CUST0086,Divya,35.0,female,2000.0,Bangalore,2021-03-18,4.0,
CUST0087,Arun,25.0,female,1500.0,Chennai,2021-08-18,,N
CUST0088,,30.0,male,500.0,,2021-09-15,,Y
CUST0089,Kumar,40.0,female,1000.0,Delhi,2021-09-21,5.0,no
CUST0090,Kumar,35.0,Male,,Bangalore,2021-11-27,4.0,no
CUST0091,Priya,35.0,male,500.0,Hyderabad,2021-07-01,1.0,yes
CUST0092,Kumar,25.0,male,2000.0,Delhi,2021-09-13,1.0,no
CUST0093,Priya,,F,,,2021-02-07,5.0,Y
CUST0094,Arun,40.0,female,1000.0,Chennai,2021-06-25,4.0,N
CUST0095,Divya,45.0,,1000.0,Chennai,2021-01-27,4.0,no
CUST0096,Divya,35.0,male,1500.0,Hyderabad,2021-10-03,2.0,yes
CUST0097,Divya,25.0,,,Bangalore,2021-05-20,,Y
CUST0098,Kumar,45.0,Male,1500.0,Delhi,2021-10-26,3.0,Yes
CUST0099,Arun,,F,500.0,Bangalore,2021-10-14,5.0,No
CUST0100,Kumar,40.0,Female,,Chennai,2021-04-01,3.0,No
CUST0101,Kumar,,,500.0,Bangalore,2021-03-02,3.0,Yes
CUST0102,Arun,35.0,male,1500.0,Chennai,2021-12-31,5.0,
CUST0103,Arun,45.0,Male,,Bangalore,2021-12-13,4.0,no
CUST0104,Arun,45.0,M,1500.0,Hyderabad,2021-06-12,5.0,No
CUST0105,Arun,45.0,Male,,,2021-12-17,3.0,
CUST0106,Divya,35.0,Male,1500.0,Hyderabad,2021-05-23,,No
CUST0107,Vikram,35.0,F,1000.0,Hyderabad,2021-09-10,,Yes
CUST0108,Vikram,,Female,1500.0,,2021-09-26,,no
CUST0109,Arun,30.0,M,1000.0,,2021-10-18,4.0,no
CUST0110,Vikram,,female,1500.0,Delhi,2021-07-06,1.0,
CUST0111,Vikram,40.0,female,,Delhi,2021-10-31,5.0,Yes
CUST0112,Arun,25.0,,,Hyderabad,2021-10-18,,
CUST0113,Vikram,45.0,Male,,Hyderabad,2021-03-27,5.0,no
CUST0114,Kumar,30.0,F,2000.0,Chennai,2021-06-15,,no
CUST0115,Priya,25.0,F,500.0,Chennai,2021-04-24,4.0,Y
CUST0116,Priya,30.0,female,,Delhi,2021-12-22,1.0,
CUST0117,Arun,,,1000.0,,2021-07-02,1.0,Y
CUST0118,Divya,35.0,,,,2021-07-26,,Yes
CUST0119,Arun,45.0,,2000.0,Delhi,2021-09-13,4.0,N
CUST0120,Divya,,M,1000.0,Chennai,2021-08-23,2.0,No
CUST0121,Priya,25.0,Female,2000.0,Chennai,2021-12-21,5.0,Y
CUST0122,Arun,25.0,M,1000.0,,2021-01-03,5.0,No
CUST0123,,25.0,male,1500.0,Bangalore,2021-07-27,3.0,yes
CUST0124,Kumar,25.0,male,500.0,Bangalore,2021-07-16,4.0,Yes
CUST0125,Vikram,25.0,Female,500.0,Chennai,2021-12-07,3.0,N
CUST0126,Divya,30.0,female,2000.0,Bangalore,2021-05-05,,yes
CUST0127,,,Female,500.0,,2021-05-18,3.0,yes
CUST0128,Vikram,45.0,F,2000.0,Delhi,2021-12-05,1.0,no
CUST0129,Vikram,35.0,male,2000.0,Delhi,2021-01-25,5.0,yes
CUST0130,Arun,35.0,Male,2000.0,Chennai,2021-03-09,3.0,Yes
CUST0131,Vikram,,Male,500.0,Hyderabad,2021-03-02,1.0,Y
CUST0132,Kumar,,female,2000.0,,2021-01-29,4.0,Yes
CUST0133,,35.0,F,500.0,Chennai,2021-01-19,3.0,Y
CUST0134,Vikram,35.0,M,2000.0,Bangalore,2021-06-20,,yes
CUST0135,Arun,30.0,F,,,2021-03-15,,yes
CUST0136,Kumar,40.0,Male,2000.0,Hyderabad,2021-03-02,,N
CUST0137,Priya,45.0,Male,1000.0,Bangalore,2021-06-02,5.0,Y
CUST0138,,25.0,male,2000.0,,2021-10-03,3.0,yes
CUST0139,Vikram,40.0,F,1500.0,Bangalore,2021-02-17,4.0,no
CUST0140,Arun,,F,2000.0,,2021-07-30,3.0,No
CUST0141,Priya,35.0,Male,1000.0,,2021-12-09,5.0,N
CUST0142,Priya,40.0,M,1000.0,,2021-05-19,1.0,Yes
CUST0143,Divya,45.0,female,500.0,,2021-04-20,5.0,N
CUST0144,Kumar,,,,,2021-07-02,,No
CUST0145,Vikram,25.0,female,2000.0,,2021-01-28,1.0,Y
CUST0146,Arun,25.0,F,500.0,,2021-07-16,,Yes
CUST0147,Divya,45.0,female,,,2021-07-10,2.0,Yes
CUST0148,Kumar,45.0,Male,2000.0,Bangalore,2021-11-11,5.0,Y
CUST0149,Divya,35.0,Male,1500.0,,2021-02-20,5.0,
CUST0150,,25.0,F,2000.0,Bangalore,2021-05-29,4.0,
CUST0151,Kumar,,F,1000.0,,2021-09-25,3.0,N
CUST0152,Kumar,40.0,,1000.0,,2021-02-19,1.0,yes
CUST0153,Vikram,,,1500.0,,2021-09-03,1.0,
CUST0154,Kumar,30.0,male,500.0,Hyderabad,2021-04-23,4.0,N
CUST0155,Divya,30.0,F,,,2021-06-19,4.0,
CUST0156,Kumar,45.0,M,2000.0,,2021-06-15,3.0,No
CUST0157,Vikram,35.0,female,1000.0,,2021-01-14,,no
CUST0158,Vikram,30.0,F,500.0,Delhi,2021-07-22,3.0,yes
CUST0159,,25.0,Female,1500.0,,2021-10-15,5.0,N
CUST0160,Divya,,male,1000.0,Hyderabad,2021-07-08,,no
CUST0161,Priya,,Female,1500.0,Delhi,2021-06-04,2.0,no
CUST0162,Priya,45.0,Male,2000.0,Chennai,2021-02-24,3.0,
CUST0163,Kumar,40.0,,,Chennai,2021-07-01,4.0,Y
CUST0164,,45.0,female,1000.0,Hyderabad,2021-07-29,,No
CUST0165,Arun,40.0,F,1000.0,,2021-03-16,3.0,No
CUST0166,Kumar,45.0,Female,2000.0,Bangalore,2021-10-04,1.0,No
CUST0167,,45.0,female,500.0,Hyderabad,2021-05-13,2.0,yes
CUST0168,Divya,45.0,Male,,Delhi,2021-12-09,5.0,Yes
CUST0169,Divya,40.0,,1000.0,Delhi,2021-02-28,1.0,yes
CUST0170,Divya,40.0,M,,,2021-12-11,1.0,N
CUST0171,Divya,45.0,male,1000.0,Chennai,2021-07-01,2.0,no
CUST0172,Divya,30.0,female,,Delhi,2021-12-05,5.0,no
CUST0173,,35.0,female,1500.0,Hyderabad,2021-11-17,4.0,Yes
CUST0174,,35.0,M,1000.0,Delhi,2021-03-05,,N
CUST0175,Vikram,35.0,female,,Hyderabad,2021-11-23,5.0,Yes
CUST0176,Priya,40.0,Male,500.0,Bangalore,2021-09-17,3.0,no
CUST0177,Divya,40.0,Male,1500.0,,2021-07-12,1.0,
CUST0178,Arun,30.0,M,1500.0,Chennai,2021-05-23,3.0,yes
CUST0179,,35.0,male,500.0,Delhi,2021-04-14,4.0,No
CUST0180,Arun,35.0,F,,Hyderabad,2021-08-02,3.0,no
CUST0181,Arun,45.0,Female,2000.0,,2021-08-30,5.0,Y
CUST0182,Arun,40.0,F,500.0,Chennai,2021-07-28,3.0,No
CUST0183,Vikram,35.0,female,,Bangalore,2021-04-03,4.0,no
CUST0184,,,Female,500.0,Hyderabad,2021-05-22,4.0,yes
CUST0185,Arun,30.0,M,500.0,,2021-04-22,4.0,Yes
CUST0186,Divya,,M,1000.0,,2021-02-28,5.0,
CUST0187,Kumar,,male,,Bangalore,2021-02-12,4.0,
CUST0188,Arun,30.0,Female,2000.0,Bangalore,2021-07-26,1.0,No
CUST0189,Vikram,,Male,1000.0,,2021-09-25,4.0,yes
CUST0190,,35.0,Female,500.0,Delhi,2021-10-23,3.0,
CUST0191,Vikram,40.0,female,500.0,Delhi,2021-04-28,,
CUST0192,Arun,30.0,Male,500.0,Hyderabad,2021-01-20,3.0,N
CUST0193,,45.0,,,,2021-08-10,,Y
CUST0194,Kumar,,,,Hyderabad,2021-06-15,3.0,No
CUST0195,Arun,30.0,,1000.0,,2021-05-11,5.0,Yes
CUST0196,Vikram,25.0,M,2000.0,Bangalore,2021-06-05,3.0,
CUST0197,Priya,25.0,Female,1000.0,Chennai,2021-07-03,5.0,N
CUST0198,Divya,40.0,,1500.0,Hyderabad,2021-03-31,5.0,yes
CUST0199,Vikram,35.0,F,500.0,Hyderabad,2021-04-04,4.0,
CUST0200,,40.0,male,500.0,,2021-01-13,1.0,Y
CUST0201,Arun,40.0,F,500.0,Bangalore,2021-11-18,,Yes
CUST0202,Divya,40.0,,1000.0,Bangalore,2021-10-20,4.0,yes
CUST0203,Arun,40.0,male,1000.0,,2021-08-18,4.0,yes
CUST0204,,45.0,female,500.0,Bangalore,2021-11-18,5.0,No
CUST0205,Arun,45.0,F,1000.0,,2021-10-19,5.0,
CUST0206,Priya,30.0,Female,,Delhi,2021-01-26,,No
CUST0207,Divya,25.0,Female,,,2021-03-16,3.0,Yes
CUST0208,Divya,40.0,F,1000.0,Chennai,2021-12-30,3.0,
CUST0209,,30.0,,500.0,Hyderabad,2021-10-26,4.0,no
CUST0210,Priya,25.0,Female,1000.0,Chennai,2021-05-30,2.0,
CUST0211,Vikram,,female,1000.0,Hyderabad,2021-05-28,2.0,no
CUST0212,Arun,35.0,Male,1000.0,Delhi,2021-01-08,3.0,yes
CUST0213,Kumar,45.0,,1500.0,Bangalore,2021-01-29,2.0,No
CUST0214,Arun,,female,,,2021-10-23,3.0,Y
CUST0215,Arun,25.0,male,2000.0,,2021-07-28,5.0,
CUST0216,Vikram,,female,2000.0,,2021-05-08,4.0,Y
CUST0217,Arun,35.0,,1500.0,Delhi,2021-12-06,1.0,
CUST0218,Priya,25.0,male,1000.0,Chennai,2021-04-26,4.0,yes
CUST0219,Priya,,,1500.0,,2021-05-24,3.0,No
CUST0220,Divya,45.0,Female,1500.0,Bangalore,2021-11-14,3.0,Yes
CUST0221,,45.0,Male,500.0,Delhi,2021-08-23,4.0,Yes
CUST0222,Kumar,30.0,,,,2021-01-07,,Yes
CUST0223,Arun,,,2000.0,Delhi,2021-02-14,3.0,
CUST0224,Arun,40.0,Female,1000.0,Delhi,2021-08-27,2.0,
CUST0225,Vikram,,M,2000.0,Bangalore,2021-06-04,2.0,Y
CUST0226,,25.0,Female,2000.0,Hyderabad,2021-06-30,3.0,No
CUST0227,Priya,25.0,male,,,2021-08-03,3.0,
CUST0228,Kumar,,Female,2000.0,Bangalore,2021-03-29,,No
CUST0229,Divya,35.0,Female,2000.0,Delhi,2021-09-13,2.0,Y
CUST0230,Priya,45.0,Male,1500.0,Bangalore,2021-03-14,3.0,
CUST0231,,25.0,Female,,Hyderabad,2021-06-28,3.0,Yes
CUST0232,Divya,45.0,,500.0,,2021-07-31,,Yes
CUST0233,Vikram,25.0,Male,1000.0,,2021-10-20,,yes
CUST0234,Vikram,30.0,F,2000.0,Hyderabad,2021-08-22,4.0,no
CUST0235,Arun,40.0,M,1000.0,Chennai,2021-08-27,,N
CUST0236,,25.0,Male,500.0,,2021-08-11,1.0,no
CUST0237,Kumar,45.0,male,1000.0,Hyderabad,2021-04-29,2.0,
CUST0238,Divya,30.0,F,500.0,Delhi,2021-11-09,4.0,No
CUST0239,Priya,25.0,Male,1500.0,,2021-09-21,1.0,
CUST0240,,35.0,Male,2000.0,,2021-07-26,3.0,No
CUST0241,,40.0,M,500.0,Bangalore,2021-04-05,3.0,No
CUST0242,Vikram,25.0,,1000.0,Delhi,2021-08-10,4.0,no
CUST0243,Arun,30.0,male,2000.0,Chennai,2021-10-03,,N
CUST0244,Arun,35.0,female,1500.0,,2021-08-19,3.0,yes
CUST0245,Divya,,female,2000.0,Hyderabad,2021-11-05,5.0,no
CUST0246,Vikram,30.0,Male,500.0,Bangalore,2021-04-29,4.0,N
CUST0247,,30.0,Female,1500.0,Hyderabad,2021-09-25,1.0,Yes
CUST0248,Kumar,35.0,male,1000.0,Chennai,2021-09-30,4.0,Yes
CUST0249,Vikram,30.0,F,1500.0,Chennai,2021-03-05,2.0,No
CUST0250,Divya,35.0,Female,1500.0,,2021-10-25,,Y
CUST0251,Divya,25.0,Female,,Chennai,2021-12-16,,
CUST0252,Vikram,35.0,male,1500.0,Hyderabad,2021-01-11,4.0,
CUST0253,Divya,35.0,,1500.0,Delhi,2021-04-08,3.0,No
CUST0254,Vikram,40.0,Male,2000.0,Delhi,2021-03-12,3.0,Y
CUST0255,Priya,35.0,Male,1000.0,,2021-12-30,5.0,N
CUST0256,Vikram,35.0,Male,2000.0,,2021-02-27,5.0,Yes
CUST0257,Vikram,,Male,2000.0,Hyderabad,2021-10-17,,
CUST0258,Divya,25.0,female,500.0,Hyderabad,2021-09-08,5.0,no
CUST0259,Divya,40.0,Male,2000.0,Chennai,2021-10-03,1.0,Y
CUST0260,Arun,,female,,Hyderabad,2021-02-19,5.0,N
CUST0261,Arun,45.0,female,,Bangalore,2021-12-24,1.0,Yes
CUST0262,Priya,25.0,,500.0,,2021-08-04,5.0,no
CUST0263,Arun,25.0,Male,1000.0,Chennai,2021-02-21,,Y
CUST0264,Vikram,45.0,M,1000.0,Bangalore,2021-09-28,,No
CUST0265,Divya,35.0,F,2000.0,,2021-03-25,1.0,No
CUST0266,Arun,,Female,2000.0,Delhi,2021-10-20,4.0,No
CUST0267,Arun,30.0,female,2000.0,,2021-05-06,,
CUST0268,Priya,40.0,male,1000.0,Delhi,2021-10-23,4.0,N
CUST0269,,30.0,male,1500.0,,2021-03-13,3.0,No
CUST0270,Priya,45.0,F,,Hyderabad,2021-10-23,1.0,
CUST0271,Vikram,25.0,male,1500.0,Bangalore,2021-08-24,,yes
CUST0272,Divya,25.0,M,1500.0,Delhi,2021-02-25,2.0,
CUST0273,Priya,40.0,male,1000.0,Chennai,2021-12-26,3.0,Yes
CUST0274,Arun,25.0,Female,1500.0,Bangalore,2021-04-20,4.0,
CUST0275,Divya,25.0,Female,500.0,Chennai,2021-07-11,,N
CUST0276,Divya,40.0,female,2000.0,Bangalore,2021-04-03,1.0,no
CUST0277,Arun,,Male,500.0,Bangalore,2021-12-16,5.0,
CUST0278,Priya,,,,,2021-02-25,2.0,No
CUST0279,Arun,40.0,M,2000.0,Delhi,2021-03-01,4.0,Yes
CUST0280,,45.0,female,1500.0,Delhi,2021-05-18,3.0,Y
CUST0281,Divya,25.0,M,,Bangalore,2021-02-08,1.0,No
CUST0282,Kumar,25.0,Male,2000.0,Hyderabad,2021-01-28,2.0,Yes
CUST0283,Kumar,45.0,male,1500.0,Hyderabad,2021-02-18,1.0,yes
CUST0284,Vikram,,male,500.0,Chennai,2021-05-05,,Y
CUST0285,Arun,35.0,,2000.0,Chennai,2021-01-13,5.0,yes
CUST0286,Arun,35.0,Male,1500.0,,2021-02-05,3.0,no
CUST0287,Vikram,35.0,female,500.0,Bangalore,2021-04-11,1.0,Yes
CUST0288,Vikram,,,,Chennai,2021-10-09,4.0,yes
CUST0289,Vikram,,Male,,Chennai,2021-03-27,,no
CUST0290,Divya,45.0,F,,,2021-01-04,,Yes
CUST0291,,25.0,Female,,Bangalore,2021-08-11,3.0,Yes
CUST0292,Arun,45.0,,1000.0,,2021-12-04,,yes
CUST0293,Divya,45.0,,2000.0,Chennai,2021-06-15,4.0,Yes
CUST0294,Vikram,,female,2000.0,,2021-12-10,1.0,No
CUST0295,Arun,35.0,M,1000.0,Delhi,2021-10-05,3.0,Yes
CUST0296,Divya,30.0,F,1500.0,,2021-05-10,,N
CUST0297,,25.0,female,1500.0,Hyderabad,2021-01-31,,no
CUST0298,Divya,,Male,,Hyderabad,2021-01-11,4.0,Yes
CUST0299,,35.0,Male,500.0,,2021-10-29,5.0,N
CUST0300,Vikram,30.0,Male,1500.0,Hyderabad,2021-04-06,5.0,Yes
CUST0301,,30.0,Male,500.0,Delhi,2021-07-09,,Yes
CUST0302,Arun,,M,2000.0,Bangalore,2021-07-11,1.0,yes
CUST0303,Vikram,40.0,F,500.0,Hyderabad,2021-09-23,3.0,No
CUST0304,Arun,25.0,male,2000.0,Hyderabad,2021-05-08,,no
CUST0305,Kumar,30.0,Female,1000.0,,2021-08-26,2.0,No
CUST0306,Priya,,M,1000.0,Delhi,2021-12-21,3.0,Y
CUST0307,,,M,,Bangalore,2021-04-22,5.0,yes
CUST0308,Priya,35.0,male,1500.0,,2021-11-12,,yes
CUST0309,Priya,40.0,male,,,2021-12-09,4.0,No
CUST0310,,25.0,Female,2000.0,,2021-05-25,2.0,
CUST0311,Vikram,45.0,Female,,Delhi,2021-03-06,,yes
CUST0312,Kumar,35.0,male,500.0,Bangalore,2021-09-04,1.0,No
CUST0313,Arun,30.0,Male,2000.0,Delhi,2021-08-11,2.0,yes
CUST0314,Divya,30.0,M,1000.0,Bangalore,2021-11-09,,Yes
CUST0315,Arun,35.0,female,1500.0,Delhi,2021-04-16,1.0,No
CUST0316,Divya,,Female,2000.0,,2021-06-30,2.0,No
CUST0317,Arun,30.0,Female,2000.0,,2021-07-03,1.0,N
CUST0318,,40.0,male,500.0,Chennai,2021-08-14,1.0,yes
CUST0319,Kumar,25.0,F,1500.0,Hyderabad,2021-09-22,2.0,yes
CUST0320,Divya,40.0,female,1000.0,,2021-10-05,2.0,No
CUST0321,Vikram,30.0,female,2000.0,Delhi,2021-03-30,1.0,Yes
CUST0322,Arun,45.0,Female,2000.0,,2021-06-25,5.0,Yes
CUST0323,Arun,25.0,Male,500.0,Chennai,2021-01-18,2.0,no
CUST0324,Divya,25.0,F,,Hyderabad,2021-04-16,,Yes
CUST0325,Vikram,35.0,female,1000.0,Delhi,2021-09-28,3.0,yes
CUST0326,Vikram,35.0,Female,1500.0,Bangalore,2021-11-15,4.0,
CUST0327,,45.0,female,2000.0,Hyderabad,2021-06-16,1.0,N
CUST0328,,,,2000.0,,2021-01-13,1.0,No
CUST0329,,25.0,F,1000.0,Chennai,2021-12-03,4.0,Y
CUST0330,,45.0,F,,Hyderabad,2021-02-01,5.0,N
CUST0331,,35.0,,2000.0,Hyderabad,2021-02-09,4.0,
CUST0332,,35.0,M,1000.0,,2021-05-28,2.0,Y
CUST0333,Kumar,25.0,,500.0,Delhi,2021-08-06,4.0,N
CUST0334,Vikram,40.0,male,,Bangalore,2021-08-07,1.0,Yes
CUST0335,,30.0,male,1500.0,,2021-03-23,4.0,yes
CUST0336,Vikram,35.0,Female,2000.0,Bangalore,2021-11-29,3.0,
CUST0337,Vikram,,F,1000.0,Delhi,2021-07-27,,Y
CUST0338,Priya,,M,500.0,Hyderabad,2021-07-20,2.0,
CUST0339,Kumar,35.0,M,1500.0,Bangalore,2021-11-28,4.0,N
CUST0340,,40.0,female,1000.0,Chennai,2021-02-07,1.0,yes
CUST0341,Arun,40.0,female,1000.0,Chennai,2021-07-30,,
CUST0342,Divya,45.0,,1500.0,,2021-11-23,2.0,Y
CUST0343,Arun,,M,500.0,Delhi,2021-09-06,1.0,No
CUST0344,Kumar,45.0,,500.0,,2021-08-15,5.0,N
CUST0345,Divya,,,,,2021-02-17,3.0,No
CUST0346,Kumar,30.0,female,2000.0,,2021-01-18,5.0,Yes
CUST0347,Vikram,30.0,F,1500.0,,2021-10-22,3.0,No
CUST0348,Divya,25.0,,1500.0,,2021-07-15,4.0,No
CUST0349,Vikram,45.0,Male,1500.0,Chennai,2021-07-06,2.0,no
CUST0350,Arun,35.0,F,500.0,Chennai,2021-12-11,4.0,N
CUST0351,Arun,45.0,M,2000.0,,2021-08-12,3.0,Yes
CUST0352,Divya,35.0,M,,Chennai,2021-11-14,3.0,No
CUST0353,Divya,40.0,,1000.0,Delhi,2021-12-31,3.0,yes
CUST0354,,45.0,F,1000.0,,2021-12-03,,Y
CUST0355,Kumar,40.0,female,1500.0,,2021-08-17,1.0,No
CUST0356,,30.0,female,2000.0,,2021-03-18,2.0,Yes
CUST0357,Kumar,30.0,male,500.0,Chennai,2021-07-07,4.0,No
CUST0358,,25.0,M,2000.0,Bangalore,2021-12-12,4.0,Y
CUST0359,Vikram,45.0,Female,2000.0,,2021-09-27,5.0,Yes
CUST0360,Divya,40.0,male,500.0,,2021-04-05,3.0,N
CUST0361,Arun,35.0,female,1500.0,,2021-11-06,3.0,Yes
CUST0362,Kumar,30.0,F,2000.0,Delhi,2021-05-12,3.0,N
CUST0363,Kumar,30.0,female,1000.0,Hyderabad,2021-02-08,4.0,Yes
CUST0364,Arun,35.0,F,500.0,Hyderabad,2021-03-13,5.0,
CUST0365,,40.0,male,,,2021-10-08,1.0,Y
CUST0366,Kumar,40.0,M,1500.0,Delhi,2021-11-29,,Y
CUST0367,Vikram,45.0,female,500.0,Delhi,2021-06-09,2.0,Yes
CUST0368,Divya,45.0,,,Delhi,2021-07-06,1.0,
CUST0369,Arun,,F,,,2021-07-10,4.0,No
CUST0370,Divya,,M,2000.0,Hyderabad,2021-04-30,,Y
CUST0371,Kumar,25.0,Female,2000.0,Delhi,2021-08-08,,N
CUST0372,Kumar,30.0,F,2000.0,Chennai,2021-02-22,,N
CUST0373,Arun,45.0,male,500.0,,2021-08-10,3.0,yes
CUST0374,Vikram,40.0,Female,500.0,,2021-05-11,2.0,no
CUST0375,Priya,35.0,Female,1500.0,Bangalore,2021-08-25,4.0,
CUST0376,Arun,40.0,Male,2000.0,Bangalore,2021-09-03,4.0,no
CUST0377,Priya,30.0,female,,,2021-08-14,,no
CUST0378,,,F,1000.0,,2021-07-27,4.0,N
CUST0379,Priya,40.0,Female,1500.0,,2021-04-06,2.0,yes
CUST0380,Vikram,25.0,Male,500.0,Chennai,2021-07-19,2.0,no
CUST0381,,30.0,male,1500.0,Hyderabad,2021-09-04,5.0,no
CUST0382,Priya,,M,1500.0,Hyderabad,2021-03-13,5.0,Yes
CUST0383,,35.0,,1500.0,,2021-11-14,1.0,Yes
CUST0384,Priya,,,1500.0,Chennai,2021-07-04,2.0,Yes
CUST0385,Vikram,25.0,F,1000.0,,2021-01-06,2.0,No
CUST0386,Priya,30.0,Female,2000.0,Hyderabad,2021-07-25,2.0,no
CUST0387,Priya,35.0,,,,2021-02-01,5.0,No
CUST0388,Priya,25.0,female,1500.0,Delhi,2021-04-09,,yes
CUST0389,Arun,,,1500.0,,2021-09-13,,
CUST0390,Arun,25.0,,1500.0,,2021-07-06,4.0,N
CUST0391,Arun,30.0,,2000.0,,2021-03-17,,no
CUST0392,Vikram,45.0,Male,500.0,,2021-06-26,3.0,N
CUST0393,,25.0,Female,500.0,Chennai,2021-11-11,5.0,
CUST0394,Kumar,25.0,female,1000.0,Hyderabad,2021-10-14,2.0,Yes
CUST0395,Priya,,Female,500.0,Bangalore,2021-12-15,,no
CUST0396,Priya,,F,1500.0,Bangalore,2021-09-12,5.0,Y
CUST0397,Vikram,35.0,F,1500.0,Hyderabad,2021-11-21,,No
CUST0398,Priya,,F,1500.0,Bangalore,2021-07-09,1.0,No
CUST0399,Arun,40.0,male,1000.0,,2021-11-04,2.0,no
CUST0400,Kumar,30.0,,1500.0,Chennai,2021-12-11,1.0,
CUST0401,Divya,30.0,male,500.0,Chennai,2021-05-07,2.0,Yes
CUST0402,Priya,45.0,Male,2000.0,Hyderabad,2021-10-14,5.0,No
CUST0403,Arun,45.0,F,2000.0,Bangalore,2021-09-11,4.0,Yes
CUST0404,Divya,30.0,female,,,2021-08-01,,yes
CUST0405,Kumar,45.0,Female,500.0,Chennai,2021-09-07,,N
CUST0406,Divya,35.0,,1500.0,Chennai,2021-03-25,3.0,
CUST0407,Arun,,M,2000.0,Delhi,2021-01-13,1.0,Y
CUST0408,,30.0,female,500.0,Delhi,2021-02-14,,N
CUST0409,,45.0,,2000.0,Chennai,2021-05-07,5.0,N
CUST0410,Divya,30.0,male,1500.0,Hyderabad,2021-04-24,4.0,yes
CUST0411,Vikram,40.0,male,2000.0,,2021-10-03,5.0,No
CUST0412,Divya,25.0,female,,,2021-07-24,1.0,Y
CUST0413,Priya,,male,,,2021-12-03,3.0,No
CUST0414,Priya,30.0,F,2000.0,Chennai,2021-09-30,,no
CUST0415,,25.0,Male,500.0,Chennai,2021-02-27,5.0,N
CUST0416,Vikram,45.0,Female,500.0,Chennai,2021-11-24,2.0,no
CUST0417,Arun,25.0,Male,500.0,Hyderabad,2021-08-07,4.0,Yes
CUST0418,Priya,,,2000.0,Delhi,2021-04-19,5.0,N
CUST0419,,30.0,Female,500.0,Chennai,2021-10-06,4.0,No
CUST0420,Kumar,40.0,Female,1500.0,Chennai,2021-06-23,,N
CUST0421,,45.0,Male,,Bangalore,2021-11-24,2.0,Yes
CUST0422,Priya,30.0,female,1500.0,Hyderabad,2021-09-21,3.0,yes
CUST0423,Priya,,Female,500.0,,2021-11-11,3.0,no
CUST0424,,45.0,Male,1500.0,Chennai,2021-04-21,2.0,no
CUST0425,Arun,35.0,Female,500.0,Bangalore,2021-07-06,4.0,No
CUST0426,Divya,25.0,M,2000.0,,2021-09-26,,N
CUST0427,Priya,,female,1500.0,,2021-08-17,5.0,No
CUST0428,,35.0,F,2000.0,Chennai,2021-06-05,2.0,yes
CUST0429,,30.0,Female,2000.0,Chennai,2021-07-08,1.0,N
CUST0430,Vikram,40.0,M,1000.0,Bangalore,2021-09-29,4.0,N
CUST0431,Divya,45.0,F,500.0,Hyderabad,2021-01-02,3.0,No
CUST0432,Kumar,25.0,F,,Chennai,2021-09-03,2.0,No
CUST0433,Arun,45.0,,500.0,,2021-07-29,3.0,Yes
CUST0434,Kumar,30.0,Female,,Chennai,2021-10-13,4.0,
CUST0435,Divya,45.0,Male,500.0,,2021-12-25,3.0,
CUST0436,Divya,25.0,Female,2000.0,,2021-01-13,2.0,yes
CUST0437,Divya,30.0,M,1500.0,,2021-04-06,4.0,
CUST0438,Kumar,45.0,F,1500.0,Delhi,2021-08-09,1.0,Yes
CUST0439,Divya,40.0,Female,1000.0,Delhi,2021-08-26,2.0,no
CUST0440,,,Male,,,2021-04-04,5.0,N
CUST0441,Kumar,30.0,,,Hyderabad,2021-12-04,,No
CUST0442,Divya,,Female,,Chennai,2021-09-26,2.0,N
CUST0443,,30.0,female,2000.0,Chennai,2021-06-20,4.0,N
CUST0444,Vikram,40.0,,,Delhi,2021-04-04,,Y
CUST0445,Divya,,Male,1500.0,,2021-05-29,2.0,no
CUST0446,Kumar,35.0,M,2000.0,Chennai,2021-04-22,1.0,Y
CUST0447,Priya,25.0,F,500.0,Chennai,2021-02-24,1.0,
CUST0448,Divya,35.0,Female,,Hyderabad,2021-12-03,5.0,N
CUST0449,Priya,45.0,Male,,Bangalore,2021-04-26,3.0,No
CUST0450,,40.0,,500.0,Delhi,2021-05-23,,N
CUST0451,Vikram,35.0,female,,Delhi,2021-07-20,4.0,no
CUST0452,Arun,30.0,Male,500.0,Bangalore,2021-06-29,4.0,Y
CUST0453,Vikram,45.0,male,2000.0,Chennai,2021-07-21,3.0,No
CUST0454,Divya,45.0,female,1500.0,Hyderabad,2021-12-30,1.0,N
CUST0455,Priya,35.0,,500.0,Hyderabad,2021-02-22,1.0,yes
CUST0456,Priya,35.0,M,1000.0,Delhi,2021-06-29,2.0,no
CUST0457,Kumar,40.0,F,500.0,Hyderabad,2021-11-09,5.0,no
CUST0458,Priya,25.0,,,,2021-11-04,,yes
CUST0459,Kumar,35.0,M,2000.0,Bangalore,2021-05-17,5.0,N
CUST0460,,35.0,Female,2000.0,Chennai,2021-07-01,5.0,no
CUST0461,Arun,,Male,500.0,,2021-01-01,2.0,No
CUST0462,Divya,30.0,male,1500.0,Bangalore,2021-02-13,5.0,N
CUST0463,Kumar,,female,1000.0,,2021-08-15,3.0,N
CUST0464,Arun,,female,2000.0,Delhi,2021-11-27,2.0,Y
CUST0465,Priya,45.0,Male,,Hyderabad,2021-04-08,3.0,no
CUST0466,Priya,25.0,male,,,2021-07-27,2.0,no
CUST0467,Arun,30.0,Male,1500.0,Hyderabad,2021-09-22,5.0,yes
CUST0468,Priya,40.0,Female,2000.0,,2021-10-15,3.0,Y
CUST0469,,40.0,M,500.0,Chennai,2021-09-28,3.0,
CUST0470,,35.0,,,Chennai,2021-05-20,3.0,Y
CUST0471,Arun,35.0,female,1500.0,Chennai,2021-08-25,2.0,no
CUST0472,Kumar,40.0,Female,2000.0,Hyderabad,2021-03-13,4.0,N
CUST0473,Kumar,35.0,M,2000.0,,2021-06-04,5.0,Y
CUST0474,Arun,25.0,Female,2000.0,Chennai,2021-07-09,3.0,yes
CUST0475,Kumar,,male,2000.0,,2021-09-25,,Y
CUST0476,Kumar,35.0,female,2000.0,Hyderabad,2021-11-17,4.0,yes
CUST0477,,45.0,,,,2021-04-17,,
CUST0478,Kumar,35.0,Male,1500.0,,2021-08-20,5.0,Y
CUST0479,Vikram,30.0,Male,2000.0,,2021-02-11,5.0,yes
CUST0480,Divya,25.0,M,1000.0,Hyderabad,2021-07-09,3.0,Y
CUST0481,Priya,30.0,,1000.0,Hyderabad,2021-05-19,3.0,
CUST0482,Vikram,30.0,F,1500.0,Delhi,2021-04-13,2.0,Y
CUST0483,Kumar,45.0,male,500.0,Hyderabad,2021-06-20,4.0,No
CUST0484,,25.0,M,500.0,Hyderabad,2021-12-17,4.0,yes
CUST0485,Arun,25.0,F,500.0,Bangalore,2021-09-30,3.0,
CUST0486,Kumar,25.0,Female,1000.0,Chennai,2021-08-09,5.0,yes
CUST0487,,25.0,male,500.0,Delhi,2021-08-01,3.0,yes
CUST0488,Divya,25.0,Female,,Delhi,2021-12-07,5.0,Yes
CUST0489,Kumar,45.0,,2000.0,Delhi,2021-02-25,5.0,
CUST0490,Arun,35.0,female,1000.0,Bangalore,2021-12-08,3.0,Y
CUST0491,,30.0,male,1500.0,,2021-04-12,1.0,yes
CUST0492,,25.0,F,1500.0,Hyderabad,2021-07-11,4.0,no
CUST0493,,35.0,female,2000.0,Chennai,2021-11-06,,Yes
CUST0494,Divya,35.0,Male,1000.0,,2021-07-19,5.0,No
CUST0495,Kumar,30.0,F,500.0,,2021-08-21,5.0,yes
CUST0496,Divya,45.0,M,500.0,Hyderabad,2021-08-15,1.0,yes
CUST0497,Priya,40.0,Male,,Bangalore,2021-05-19,,Yes
CUST0498,Priya,40.0,Male,,Hyderabad,2021-12-10,2.0,Y
CUST0499,Kumar,35.0,M,500.0,Hyderabad,2021-11-01,1.0,no
CUST0500,Divya,,male,1500.0,Bangalore,2021-05-29,,No
CUST0501,Arun,,Male,1500.0,Delhi,2021-04-25,1.0,yes
CUST0502,,30.0,,,Delhi,2021-03-04,5.0,Y
CUST0503,,40.0,F,2000.0,Chennai,2021-04-14,4.0,
CUST0504,Kumar,35.0,female,500.0,Chennai,2021-12-05,1.0,no
CUST0505,Priya,45.0,Male,,Delhi,2021-12-25,2.0,
CUST0506,Priya,40.0,F,,,2021-06-05,3.0,no
CUST0507,,35.0,Female,500.0,,2021-09-30,,No
CUST0508,Kumar,35.0,F,500.0,Hyderabad,2021-01-06,1.0,N
CUST0509,Divya,25.0,female,1500.0,,2021-05-27,1.0,no
CUST0510,Priya,45.0,F,2000.0,Hyderabad,2021-07-03,2.0,N
CUST0511,Divya,25.0,M,2000.0,Delhi,2021-01-28,4.0,
CUST0512,Priya,30.0,female,500.0,Chennai,2021-02-07,1.0,no
CUST0513,Priya,25.0,male,1000.0,,2021-04-29,1.0,No
CUST0514,Vikram,25.0,Female,,Chennai,2021-10-20,4.0,Yes
CUST0515,Priya,40.0,M,,,2021-09-01,2.0,No
CUST0516,Arun,,male,500.0,Chennai,2021-03-09,,No
CUST0517,Kumar,35.0,F,1000.0,Delhi,2021-08-02,,Yes
CUST0518,Kumar,45.0,female,1500.0,,2021-08-06,1.0,Yes
CUST0519,Divya,25.0,Female,500.0,,2021-06-26,4.0,Y
CUST0520,Priya,45.0,M,500.0,,2021-10-26,1.0,no
CUST0521,Arun,,male,,Hyderabad,2021-06-13,3.0,
CUST0522,Divya,,male,500.0,Chennai,2021-02-27,,Y
CUST0523,Vikram,25.0,Female,500.0,,2021-09-26,5.0,Yes
CUST0524,Divya,30.0,,500.0,Bangalore,2021-11-04,3.0,N
CUST0525,Divya,25.0,F,,Chennai,2021-02-27,1.0,
CUST0526,Priya,40.0,Female,1500.0,Hyderabad,2021-10-15,2.0,N
CUST0527,Vikram,35.0,male,1500.0,,2021-04-15,,No
CUST0528,Divya,30.0,Male,500.0,,2021-08-16,5.0,yes
CUST0529,Arun,25.0,M,,Hyderabad,2021-09-04,3.0,No
CUST0530,Arun,45.0,Female,1500.0,Bangalore,2021-07-07,,No
CUST0531,Kumar,30.0,,1500.0,,2021-03-24,4.0,yes
CUST0532,Vikram,30.0,male,1500.0,Delhi,2021-07-05,2.0,no
CUST0533,Vikram,25.0,F,,Chennai,2021-09-09,3.0,Yes
CUST0534,Kumar,30.0,male,,,2021-12-21,4.0,N
CUST0535,Divya,45.0,F,500.0,Delhi,2021-08-26,1.0,No
CUST0536,Vikram,,Female,2000.0,,2021-12-26,4.0,yes
CUST0537,Arun,30.0,F,1500.0,,2021-07-03,3.0,Y
CUST0538,Arun,,female,2000.0,Hyderabad,2021-10-11,3.0,No
CUST0539,Priya,45.0,female,,,2021-07-29,1.0,N
CUST0540,Vikram,25.0,female,,,2021-10-31,4.0,Yes
CUST0541,Divya,35.0,,,Delhi,2021-10-23,4.0,No
CUST0542,Kumar,30.0,,2000.0,,2021-04-07,1.0,No
CUST0543,Kumar,35.0,Male,,Bangalore,2021-07-27,4.0,no
CUST0544,Divya,45.0,,500.0,Bangalore,2021-05-17,,yes
CUST0545,,30.0,Female,,Chennai,2021-07-03,1.0,Y
CUST0546,Priya,,male,1000.0,Chennai,2021-03-17,2.0,Y
CUST0547,Kumar,40.0,male,2000.0,Bangalore,2021-10-14,3.0,
CUST0548,Vikram,35.0,Male,1000.0,,2021-05-22,2.0,Yes
CUST0549,Priya,30.0,,,,2021-08-25,,
CUST0550,Vikram,35.0,F,500.0,Bangalore,2021-01-25,,N
CUST0551,Arun,30.0,Male,1500.0,Chennai,2021-10-17,5.0,Yes
CUST0552,Priya,25.0,F,,Bangalore,2021-03-08,5.0,No
CUST0553,Kumar,,F,500.0,,2021-09-07,5.0,No
CUST0554,Priya,35.0,M,2000.0,Bangalore,2021-04-28,1.0,Y
CUST0555,Priya,40.0,male,1000.0,,2021-03-14,4.0,N
CUST0556,Priya,40.0,female,1000.0,Delhi,2021-10-09,,yes
CUST0557,,45.0,,1000.0,,2021-12-26,2.0,N
CUST0558,Priya,30.0,F,2000.0,Chennai,2021-01-10,2.0,No
CUST0559,Vikram,35.0,M,500.0,,2021-07-30,2.0,yes
CUST0560,Arun,45.0,male,2000.0,Bangalore,2021-11-19,2.0,N
CUST0561,Divya,35.0,female,1000.0,Bangalore,2021-06-01,5.0,N
CUST0562,Priya,30.0,F,,Delhi,2021-01-05,2.0,yes
CUST0563,Kumar,40.0,F,1500.0,Chennai,2021-07-14,4.0,No
CUST0564,Priya,25.0,Male,2000.0,Chennai,2021-10-10,5.0,N
CUST0565,Kumar,40.0,Male,2000.0,Hyderabad,2021-04-23,2.0,yes
CUST0566,Vikram,45.0,male,500.0,Chennai,2021-09-28,1.0,no
CUST0567,Kumar,,female,500.0,Delhi,2021-06-12,3.0,no
CUST0568,Divya,25.0,F,2000.0,Hyderabad,2021-04-15,3.0,No
CUST0569,Arun,45.0,male,1000.0,Hyderabad,2021-06-30,3.0,yes
CUST0570,Kumar,30.0,male,1500.0,Bangalore,2021-02-13,5.0,no
CUST0571,Kumar,25.0,Female,500.0,Bangalore,2021-10-09,2.0,yes
CUST0572,Arun,45.0,,1000.0,Chennai,2021-06-24,,N
CUST0573,Divya,30.0,Male,,Hyderabad,2021-06-11,,No
CUST0574,Priya,40.0,female,500.0,Bangalore,2021-12-17,,no
CUST0575,Kumar,,F,1000.0,Delhi,2021-12-06,5.0,
CUST0576,Arun,30.0,male,1000.0,Bangalore,2021-05-20,4.0,N
CUST0577,Vikram,35.0,F,1500.0,,2021-05-12,1.0,
CUST0578,Arun,30.0,Female,1500.0,,2021-03-28,1.0,
CUST0579,Vikram,30.0,female,,Bangalore,2021-06-25,3.0,Yes
CUST0580,Divya,,male,1000.0,Hyderabad,2021-07-02,3.0,Yes
CUST0581,Priya,35.0,F,1000.0,Hyderabad,2021-05-09,,No
CUST0582,Arun,45.0,Male,1500.0,,2021-09-03,,no
CUST0583,,45.0,,500.0,,2021-03-30,3.0,no
CUST0584,Kumar,30.0,Female,500.0,Delhi,2021-03-07,2.0,no
CUST0585,Divya,35.0,female,2000.0,Hyderabad,2021-06-07,4.0,yes
CUST0586,Arun,35.0,Female,1500.0,Chennai,2021-05-29,4.0,N
CUST0587,Kumar,,Male,2000.0,,2021-12-06,4.0,no
CUST0588,Arun,40.0,female,1500.0,Delhi,2021-04-26,4.0,N
CUST0589,Vikram,45.0,Female,,Delhi,2021-08-02,3.0,No
CUST0590,Arun,,M,1000.0,Hyderabad,2021-10-21,1.0,
CUST0591,,25.0,Male,,Delhi,2021-09-10,3.0,no
CUST0592,Arun,45.0,Male,1500.0,Hyderabad,2021-05-23,4.0,No
CUST0593,Arun,,Male,1000.0,Bangalore,2021-09-07,3.0,no
CUST0594,,45.0,M,500.0,,2021-10-29,4.0,Yes
CUST0595,Divya,40.0,M,500.0,,2021-01-25,5.0,Y
CUST0596,Arun,25.0,F,2000.0,Bangalore,2021-10-04,,No
CUST0597,,40.0,male,1500.0,,2021-03-11,1.0,no
CUST0598,Kumar,25.0,,1500.0,Hyderabad,2021-04-23,5.0,Y
CUST0599,Vikram,30.0,Female,500.0,,2021-12-29,2.0,No
CUST0600,Vikram,,F,,Hyderabad,2021-04-22,3.0,yes
CUST0601,Arun,25.0,Female,1000.0,Bangalore,2021-12-30,2.0,no
CUST0602,Divya,40.0,,,Chennai,2021-10-30,3.0,yes
CUST0603,Divya,45.0,male,,Chennai,2021-04-01,,Yes
CUST0604,Kumar,25.0,M,500.0,,2021-01-18,5.0,no
CUST0605,Arun,,male,500.0,Chennai,2021-05-29,,
CUST0606,Vikram,25.0,M,500.0,Hyderabad,2021-08-15,4.0,Yes
CUST0607,Divya,35.0,,2000.0,Delhi,2021-08-02,,Y
CUST0608,Arun,45.0,male,,Hyderabad,2021-12-26,,No
CUST0609,Divya,,F,1500.0,Delhi,2021-05-31,4.0,N
CUST0610,,,female,1000.0,Bangalore,2021-07-11,3.0,Yes
CUST0611,Divya,30.0,F,2000.0,,2021-02-09,4.0,N
CUST0612,Vikram,40.0,Female,1500.0,Delhi,2021-08-30,5.0,N
CUST0613,Priya,30.0,F,,Chennai,2021-05-18,,No
CUST0614,Kumar,,,500.0,Hyderabad,2021-12-11,4.0,Y
CUST0615,Kumar,45.0,Male,,Bangalore,2021-06-29,,No
CUST0616,Vikram,25.0,Female,1000.0,Chennai,2021-07-19,5.0,no
CUST0617,Divya,25.0,male,2000.0,Bangalore,2021-07-22,2.0,Yes
CUST0618,Arun,45.0,Female,2000.0,,2021-03-02,5.0,N
CUST0619,Divya,,female,1000.0,Hyderabad,2021-07-11,1.0,No
CUST0620,Vikram,25.0,M,1500.0,,2021-01-05,1.0,No
CUST0621,Kumar,25.0,male,1500.0,Hyderabad,2021-08-25,1.0,No
CUST0622,Divya,25.0,Female,2000.0,,2021-06-30,,Yes
CUST0623,Kumar,40.0,male,2000.0,Hyderabad,2021-11-07,3.0,Y
CUST0624,Arun,40.0,male,500.0,,2021-02-06,3.0,
CUST0625,Kumar,35.0,male,1500.0,Delhi,2021-02-25,3.0,No
CUST0626,Kumar,30.0,M,1000.0,Bangalore,2021-08-25,,Yes
CUST0627,Priya,45.0,,1500.0,,2021-12-24,5.0,N
CUST0628,Priya,45.0,F,500.0,Chennai,2021-12-15,3.0,no
CUST0629,,45.0,male,2000.0,,2021-07-16,2.0,
CUST0630,Priya,35.0,Male,2000.0,Delhi,2021-03-14,1.0,yes
CUST0631,Kumar,40.0,,500.0,Chennai,2021-02-28,5.0,
CUST0632,Vikram,,female,1000.0,Chennai,2021-08-28,1.0,
CUST0633,Kumar,,M,2000.0,,2021-01-02,3.0,Yes
CUST0634,Vikram,35.0,Female,,Delhi,2021-12-26,5.0,yes
CUST0635,Vikram,,M,2000.0,Chennai,2021-07-07,4.0,No
CUST0636,Priya,45.0,Female,,Chennai,2021-11-03,2.0,No
CUST0637,Divya,30.0,M,500.0,Delhi,2021-01-30,3.0,
CUST0638,Arun,25.0,Female,500.0,Hyderabad,2021-09-24,3.0,Yes
CUST0639,Priya,40.0,male,2000.0,Chennai,2021-04-18,2.0,yes
CUST0640,Priya,40.0,F,1500.0,Bangalore,2021-11-28,2.0,No
CUST0641,Divya,35.0,Female,,Delhi,2021-03-31,4.0,N
CUST0642,Arun,40.0,Female,1000.0,Chennai,2021-07-24,3.0,Y
CUST0643,Kumar,45.0,Male,2000.0,,2021-08-08,,Y
CUST0644,,,Female,1000.0,,2021-04-04,3.0,No
CUST0645,,45.0,Male,2000.0,Bangalore,2021-04-13,1.0,yes
CUST0646,Kumar,35.0,female,1500.0,,2021-08-11,5.0,no
CUST0647,Priya,45.0,male,1500.0,,2021-07-05,5.0,No
CUST0648,Arun,,Male,1500.0,Chennai,2021-07-03,1.0,no
CUST0649,Priya,30.0,F,1500.0,Bangalore,2021-06-11,5.0,no
CUST0650,Vikram,35.0,,500.0,Bangalore,2021-09-04,2.0,yes
CUST0651,Priya,30.0,male,500.0,Hyderabad,2021-01-31,5.0,no
CUST0652,Priya,25.0,Male,,,2021-02-21,5.0,N
CUST0653,Kumar,30.0,male,1000.0,Bangalore,2021-12-11,1.0,yes
CUST0654,Kumar,25.0,male,2000.0,Hyderabad,2021-03-17,4.0,No
CUST0655,Kumar,25.0,male,2000.0,Delhi,2021-10-05,5.0,
CUST0656,,30.0,female,500.0,Hyderabad,2021-02-09,,N
CUST0657,Vikram,35.0,F,2000.0,,2021-04-11,5.0,Yes
CUST0658,Kumar,,M,500.0,Chennai,2021-04-21,4.0,Y
CUST0659,Arun,45.0,M,,Delhi,2021-11-17,1.0,No
CUST0660,,45.0,Male,1000.0,Delhi,2021-09-06,4.0,No
CUST0661,Divya,,male,,,2021-07-10,1.0,No
CUST0662,Arun,25.0,Male,1500.0,Hyderabad,2021-07-01,2.0,N
CUST0663,Arun,25.0,female,1500.0,Chennai,2021-12-01,1.0,Yes
CUST0664,Kumar,35.0,female,1500.0,Hyderabad,2021-07-28,2.0,
CUST0665,Divya,40.0,Female,,Bangalore,2021-01-22,2.0,yes
CUST0666,Divya,30.0,female,2000.0,Hyderabad,2021-06-15,1.0,Yes
CUST0667,,25.0,Female,1000.0,Delhi,2021-04-09,,N
CUST0668,Divya,45.0,F,1500.0,Chennai,2021-07-27,3.0,No
CUST0669,Vikram,35.0,Male,1500.0,Hyderabad,2021-01-08,1.0,Y
CUST0670,Kumar,30.0,,1500.0,Chennai,2021-07-09,5.0,No
CUST0671,Divya,35.0,F,1000.0,Chennai,2021-06-24,,yes
CUST0672,,30.0,female,1500.0,Bangalore,2021-09-30,,no
CUST0673,Vikram,30.0,F,1000.0,Bangalore,2021-01-17,5.0,Y
CUST0674,Priya,,F,1500.0,Delhi,2021-03-31,3.0,No
CUST0675,Priya,25.0,F,,,2021-05-21,,
CUST0676,Vikram,35.0,female,,Chennai,2021-05-25,2.0,Y
CUST0677,,35.0,,1000.0,,2021-06-15,3.0,no
CUST0678,Vikram,,male,,Delhi,2021-12-03,5.0,Yes
CUST0679,Kumar,45.0,F,1000.0,Chennai,2021-03-19,3.0,N
CUST0680,Kumar,45.0,Female,,Chennai,2021-09-19,1.0,No
CUST0681,Priya,25.0,female,,,2021-06-12,3.0,yes
CUST0682,Divya,25.0,F,1000.0,,2021-01-14,2.0,Yes
CUST0683,,40.0,,2000.0,Hyderabad,2021-08-27,1.0,No
CUST0684,Priya,,male,,Bangalore,2021-03-13,4.0,Yes
CUST0685,Divya,45.0,female,1500.0,Hyderabad,2021-05-23,5.0,yes
CUST0686,Divya,30.0,M,2000.0,,2021-11-06,5.0,No
CUST0687,Kumar,35.0,male,1000.0,Bangalore,2021-10-10,3.0,no
CUST0688,Arun,25.0,Female,2000.0,Hyderabad,2021-09-26,,no
CUST0689,Arun,35.0,F,500.0,,2021-08-29,1.0,yes
CUST0690,Vikram,35.0,,500.0,Bangalore,2021-09-02,4.0,Y
CUST0691,Kumar,40.0,M,,Chennai,2021-06-12,1.0,yes
CUST0692,Divya,45.0,,,Hyderabad,2021-03-01,5.0,Y
CUST0693,,25.0,M,1500.0,Bangalore,2021-01-06,1.0,No
CUST0694,Arun,35.0,female,2000.0,,2021-07-16,4.0,Y
CUST0695,Divya,25.0,M,500.0,Bangalore,2021-02-27,,No
CUST0696,Arun,30.0,Female,,Bangalore,2021-11-01,3.0,No
CUST0697,Arun,40.0,Female,2000.0,,2021-08-05,2.0,
CUST0698,Arun,30.0,Male,,Hyderabad,2021-01-26,1.0,N
CUST0699,,25.0,Female,,Delhi,2021-10-30,2.0,No
CUST0700,Kumar,25.0,male,500.0,Hyderabad,2021-01-05,5.0,Y
CUST0701,,45.0,M,500.0,,2021-01-20,3.0,N
CUST0702,Priya,35.0,Female,,,2021-07-17,3.0,N
CUST0703,Divya,35.0,female,1000.0,Hyderabad,2021-02-28,1.0,No
CUST0704,Kumar,30.0,,,Bangalore,2021-08-30,,yes
CUST0705,Kumar,40.0,,,,2021-05-26,3.0,yes
CUST0706,Kumar,,Male,1500.0,Chennai,2021-09-30,1.0,no
CUST0707,Kumar,35.0,,1500.0,Hyderabad,2021-09-06,1.0,N
CUST0708,,45.0,M,1500.0,,2021-01-14,2.0,No
CUST0709,Kumar,30.0,Male,1000.0,Hyderabad,2021-01-13,3.0,
CUST0710,Vikram,30.0,M,1000.0,,2021-02-13,1.0,yes
CUST0711,Divya,,female,,Bangalore,2021-01-19,2.0,
CUST0712,Kumar,45.0,Male,1500.0,Chennai,2021-03-04,4.0,No
CUST0713,Divya,40.0,F,1000.0,Chennai,2021-08-27,2.0,No
CUST0714,Vikram,45.0,male,500.0,,2021-12-03,2.0,N
CUST0715,Vikram,40.0,male,,,2021-04-10,1.0,
CUST0716,Divya,45.0,M,2000.0,Hyderabad,2021-06-12,5.0,no
CUST0717,Arun,45.0,,,Chennai,2021-05-02,5.0,N
CUST0718,Priya,25.0,F,2000.0,Chennai,2021-02-13,,Yes
CUST0719,Arun,30.0,Male,1500.0,Delhi,2021-12-26,5.0,
CUST0720,Arun,45.0,F,2000.0,Delhi,2021-11-13,2.0,yes
CUST0721,,,F,1500.0,Chennai,2021-05-25,,yes
CUST0722,Arun,45.0,,500.0,,2021-11-23,1.0,yes
CUST0723,Kumar,35.0,Male,2000.0,,2021-12-29,3.0,Y
CUST0724,,30.0,female,,Chennai,2021-02-19,2.0,No
CUST0725,,35.0,,1500.0,Bangalore,2021-03-06,2.0,N
CUST0726,Vikram,30.0,F,,Hyderabad,2021-12-21,,yes
CUST0727,Arun,35.0,F,1000.0,,2021-10-15,1.0,Yes
CUST0728,Vikram,45.0,female,1500.0,Bangalore,2021-06-13,4.0,yes
CUST0729,Divya,45.0,F,2000.0,,2021-05-21,2.0,no
CUST0730,Priya,25.0,F,1500.0,Bangalore,2021-11-10,4.0,No
CUST0731,,,F,,Hyderabad,2021-05-08,4.0,
CUST0732,Divya,35.0,male,500.0,Hyderabad,2021-08-27,5.0,No
CUST0733,Divya,40.0,,1500.0,Delhi,2021-11-20,1.0,
CUST0734,Kumar,25.0,Female,2000.0,,2021-10-23,4.0,
CUST0735,Priya,35.0,,1000.0,Bangalore,2021-07-06,1.0,N
CUST0736,Divya,35.0,female,500.0,Delhi,2021-07-27,5.0,Y
CUST0737,Divya,25.0,F,1000.0,Bangalore,2021-08-08,1.0,
CUST0738,Priya,45.0,,1500.0,Delhi,2021-07-09,2.0,
CUST0739,Priya,35.0,male,,Hyderabad,2021-12-12,4.0,N
CUST0740,Divya,45.0,female,,,2021-10-11,1.0,yes
CUST0741,Priya,25.0,M,2000.0,Delhi,2021-12-18,3.0,no
CUST0742,Divya,45.0,,,Bangalore,2021-08-25,1.0,Yes
CUST0743,Divya,30.0,M,500.0,Bangalore,2021-07-13,4.0,N
CUST0744,Kumar,40.0,F,,,2021-10-14,5.0,Y
CUST0745,Arun,35.0,male,2000.0,Hyderabad,2021-09-16,5.0,N
CUST0746,Divya,,male,1500.0,Bangalore,2021-09-03,4.0,No
CUST0747,Vikram,40.0,,1500.0,Chennai,2021-05-16,2.0,yes
CUST0748,,45.0,female,,,2021-10-07,2.0,yes
CUST0749,Arun,35.0,female,1000.0,Delhi,2021-09-28,5.0,
CUST0750,Arun,45.0,male,1500.0,,2021-06-20,5.0,yes
CUST0751,Arun,30.0,female,,,2021-06-08,4.0,yes
CUST0752,Kumar,25.0,male,2000.0,Hyderabad,2021-07-20,2.0,yes
CUST0753,Divya,35.0,,,,2021-02-14,5.0,yes
CUST0754,Kumar,30.0,Female,1500.0,Delhi,2021-09-21,2.0,Yes
CUST0755,Divya,30.0,male,2000.0,Delhi,2021-03-12,5.0,Y
CUST0756,Kumar,35.0,M,,Chennai,2021-12-30,1.0,
CUST0757,Kumar,45.0,female,500.0,Hyderabad,2021-04-13,3.0,yes
CUST0758,,,male,2000.0,,2021-05-05,,
CUST0759,Vikram,30.0,male,500.0,,2021-11-09,1.0,Y
CUST0760,Kumar,40.0,,1000.0,Bangalore,2021-10-13,,no
CUST0761,,30.0,female,2000.0,Chennai,2021-08-18,5.0,yes
CUST0762,Priya,,Female,500.0,Chennai,2021-05-26,3.0,
CUST0763,Vikram,45.0,,1500.0,,2021-07-16,3.0,N
CUST0764,Kumar,45.0,Female,1500.0,,2021-08-09,5.0,
CUST0765,Arun,40.0,,1000.0,,2021-03-01,5.0,yes
CUST0766,Priya,30.0,female,2000.0,,2021-04-08,2.0,No
CUST0767,Priya,45.0,Male,2000.0,,2021-06-20,5.0,Yes
CUST0768,,,female,2000.0,Chennai,2021-06-22,4.0,N
CUST0769,Priya,35.0,female,1000.0,Bangalore,2021-05-31,5.0,N
CUST0770,Vikram,25.0,Female,2000.0,Delhi,2021-12-16,4.0,No
CUST0771,Kumar,25.0,Female,1500.0,,2021-05-02,5.0,yes
CUST0772,Kumar,25.0,female,500.0,Bangalore,2021-04-18,2.0,Yes
CUST0773,Arun,30.0,female,1500.0,Hyderabad,2021-01-04,4.0,N
CUST0774,,40.0,female,1500.0,,2021-04-03,1.0,Yes
CUST0775,Arun,45.0,Female,500.0,Delhi,2021-01-06,4.0,N
CUST0776,Priya,35.0,female,1500.0,Hyderabad,2021-10-15,2.0,yes
CUST0777,Arun,,female,1000.0,Hyderabad,2021-04-16,,no
CUST0778,Vikram,35.0,F,500.0,Delhi,2021-05-26,4.0,N
CUST0779,Kumar,,Male,1500.0,,2021-09-28,5.0,no
CUST0780,Priya,30.0,M,,Chennai,2021-04-06,5.0,N
CUST0781,Arun,25.0,Male,1500.0,Delhi,2021-08-17,,Y
CUST0782,,30.0,F,1000.0,Delhi,2021-07-21,2.0,yes
CUST0783,Vikram,40.0,M,2000.0,Delhi,2021-07-31,3.0,No
CUST0784,Vikram,40.0,,1500.0,Hyderabad,2021-01-06,5.0,no
CUST0785,Arun,,female,2000.0,Bangalore,2021-04-22,1.0,No
CUST0786,Kumar,45.0,F,,Chennai,2021-11-19,2.0,yes
CUST0787,Arun,45.0,,1500.0,,2021-04-16,4.0,
CUST0788,Priya,,female,500.0,,2021-05-19,4.0,No
CUST0789,Arun,40.0,Female,2000.0,Bangalore,2021-10-26,1.0,yes
CUST0790,Vikram,40.0,male,,Delhi,2021-04-06,5.0,No
CUST0791,Arun,40.0,F,500.0,Chennai,2021-12-03,2.0,no
CUST0792,Kumar,30.0,Female,500.0,,2021-10-24,1.0,Y
CUST0793,,40.0,F,500.0,,2021-08-02,5.0,No
CUST0794,Divya,35.0,F,500.0,,2021-10-18,2.0,no
CUST0795,Arun,25.0,Female,1500.0,Delhi,2021-01-22,4.0,N
CUST0796,Kumar,40.0,M,1500.0,,2021-07-12,2.0,yes
CUST0797,Kumar,,Male,1500.0,Bangalore,2021-05-30,,Yes
CUST0798,,25.0,female,,Chennai,2021-09-04,3.0,
CUST0799,Vikram,30.0,F,,Bangalore,2021-09-24,2.0,Yes
CUST0800,Kumar,,female,,Bangalore,2021-09-08,3.0,yes
CUST0801,Kumar,25.0,male,1000.0,Chennai,2021-01-03,2.0,Y
CUST0802,Kumar,,Female,,Chennai,2021-11-12,3.0,No
CUST0803,Kumar,30.0,female,1500.0,,2021-03-17,,Y
CUST0804,Priya,35.0,Female,1500.0,,2021-03-28,4.0,Yes
CUST0805,Priya,30.0,female,1000.0,Chennai,2021-09-27,5.0,
CUST0806,Vikram,30.0,Male,1000.0,,2021-08-13,3.0,no
CUST0807,Arun,,Male,,Hyderabad,2021-01-18,,
CUST0808,Kumar,45.0,Male,2000.0,,2021-04-23,3.0,yes
CUST0809,,40.0,Male,1000.0,Hyderabad,2021-09-08,4.0,yes
CUST0810,Arun,40.0,Male,500.0,,2021-08-21,3.0,Y
CUST0811,,35.0,Male,1500.0,Chennai,2021-11-25,,no
CUST0812,Arun,35.0,Female,500.0,,2021-10-06,,Y
CUST0813,Vikram,40.0,F,1500.0,,2021-07-21,1.0,No
CUST0814,Kumar,45.0,female,1500.0,Bangalore,2021-03-24,4.0,N
CUST0815,Kumar,40.0,Male,1000.0,Chennai,2021-05-05,1.0,no
CUST0816,Divya,45.0,Female,1000.0,Delhi,2021-06-24,4.0,N
CUST0817,,35.0,Female,500.0,Hyderabad,2021-03-10,3.0,
CUST0818,Arun,25.0,Female,1500.0,,2021-02-16,,No
CUST0819,Arun,,F,500.0,Chennai,2021-09-13,1.0,N
CUST0820,Priya,35.0,female,2000.0,,2021-08-03,3.0,Yes
CUST0821,Divya,35.0,F,500.0,Chennai,2021-01-30,,
CUST0822,Priya,30.0,M,,,2021-10-08,4.0,N
CUST0823,Priya,30.0,,500.0,,2021-08-25,,No
CUST0824,Priya,30.0,Female,,,2021-09-05,3.0,N
CUST0825,,,M,,,2021-01-25,1.0,yes
CUST0826,,30.0,male,,Delhi,2021-03-15,1.0,Y
CUST0827,Vikram,45.0,Male,2000.0,,2021-07-25,,Yes
CUST0828,Vikram,40.0,,500.0,Chennai,2021-11-10,3.0,yes
CUST0829,Priya,25.0,Male,500.0,,2021-04-04,2.0,yes
CUST0830,Divya,35.0,F,2000.0,Bangalore,2021-05-07,4.0,No
CUST0831,Arun,45.0,,1500.0,,2021-01-25,4.0,Y
CUST0832,,25.0,female,1000.0,,2021-11-30,3.0,Y
CUST0833,Divya,45.0,M,500.0,Delhi,2021-12-21,2.0,no
CUST0834,Kumar,45.0,female,1000.0,Bangalore,2021-04-26,1.0,
CUST0835,,35.0,F,2000.0,,2021-02-17,5.0,Yes
CUST0836,,40.0,Male,1500.0,,2021-08-14,5.0,
CUST0837,Vikram,30.0,,1500.0,,2021-09-23,3.0,No
CUST0838,Arun,,female,1500.0,Chennai,2021-04-09,2.0,Yes
CUST0839,Arun,40.0,female,2000.0,,2021-01-11,2.0,no
CUST0840,Kumar,,Male,,Chennai,2021-03-26,4.0,N
CUST0841,Kumar,35.0,,,,2021-08-02,1.0,yes
CUST0842,,35.0,M,1000.0,Hyderabad,2021-06-22,,Yes
CUST0843,Priya,35.0,Male,,Bangalore,2021-07-28,2.0,
CUST0844,Vikram,25.0,female,,Hyderabad,2021-03-05,,yes
CUST0845,Vikram,,M,1500.0,,2021-09-15,5.0,No
CUST0846,,40.0,M,1500.0,Bangalore,2021-11-28,,
CUST0847,Divya,40.0,Male,1000.0,Bangalore,2021-05-01,1.0,N
CUST0848,Priya,45.0,female,500.0,Delhi,2021-10-25,1.0,No
CUST0849,,45.0,F,1000.0,Hyderabad,2021-02-23,,N
CUST0850,Priya,45.0,female,1000.0,Delhi,2021-11-27,3.0,N
CUST0851,Priya,35.0,Female,2000.0,Bangalore,2021-09-29,2.0,yes
CUST0852,Priya,40.0,,2000.0,Chennai,2021-08-29,3.0,No
CUST0853,,,male,1000.0,Bangalore,2021-08-31,,No
CUST0854,Vikram,35.0,F,1000.0,Delhi,2021-01-18,2.0,Yes
CUST0855,Vikram,25.0,M,1000.0,Hyderabad,2021-07-06,4.0,
CUST0856,Priya,45.0,F,,,2021-12-12,3.0,No
CUST0857,Divya,35.0,,2000.0,,2021-05-24,3.0,Yes
CUST0858,Arun,35.0,M,1000.0,Hyderabad,2021-09-19,,Y
CUST0859,,25.0,,1500.0,,2021-12-30,5.0,Y
CUST0860,Arun,30.0,M,1500.0,,2021-08-27,,Y
CUST0861,Divya,40.0,F,,Delhi,2021-10-31,3.0,no
CUST0862,,,M,,Hyderabad,2021-10-25,2.0,No
CUST0863,Priya,30.0,M,500.0,,2021-03-17,5.0,no
CUST0864,Vikram,45.0,Female,500.0,Chennai,2021-07-07,,
CUST0865,Arun,35.0,female,500.0,Chennai,2021-11-29,,No
CUST0866,Kumar,25.0,female,,,2021-09-03,3.0,Yes
CUST0867,Kumar,25.0,male,,Chennai,2021-05-10,3.0,no
CUST0868,Divya,40.0,male,,Hyderabad,2021-11-11,4.0,no
CUST0869,Priya,30.0,Female,1500.0,Hyderabad,2021-10-10,,
CUST0870,Arun,40.0,male,,Bangalore,2021-03-20,3.0,no
CUST0871,Priya,35.0,,1500.0,Bangalore,2021-03-13,1.0,N
CUST0872,Arun,40.0,F,500.0,Chennai,2021-09-20,5.0,Yes
CUST0873,Divya,,Male,500.0,,2021-07-10,1.0,Y
CUST0874,Divya,25.0,,500.0,Bangalore,2021-03-04,5.0,Yes
CUST0875,Kumar,25.0,Male,1000.0,Bangalore,2021-01-12,,N
CUST0876,Priya,45.0,Male,1000.0,Hyderabad,2021-05-21,4.0,
CUST0877,,45.0,Female,2000.0,,2021-09-11,3.0,
CUST0878,Kumar,35.0,,2000.0,,2021-02-12,3.0,No
CUST0879,Priya,,Female,2000.0,Chennai,2021-01-17,3.0,Yes
CUST0880,Kumar,30.0,M,1000.0,Bangalore,2021-03-04,,
CUST0881,,40.0,Male,1000.0,,2021-09-10,5.0,no
CUST0882,Vikram,35.0,F,2000.0,,2021-10-19,3.0,
CUST0883,Vikram,45.0,male,2000.0,Chennai,2021-01-08,1.0,
CUST0884,Vikram,40.0,F,,,2021-11-21,3.0,
CUST0885,Vikram,45.0,male,2000.0,,2021-03-31,,
CUST0886,Arun,40.0,Male,,,2021-07-27,4.0,Y
CUST0887,Vikram,30.0,Male,1500.0,Bangalore,2021-10-19,1.0,Y
CUST0888,,35.0,Male,1000.0,Chennai,2021-10-11,3.0,No
CUST0889,Divya,40.0,Female,2000.0,,2021-04-28,3.0,
CUST0890,Divya,,,1000.0,,2021-12-15,2.0,Yes
CUST0891,Arun,25.0,male,1000.0,Bangalore,2021-06-24,5.0,N
CUST0892,Vikram,,,1000.0,Chennai,2021-03-17,1.0,No
CUST0893,Vikram,,Female,1500.0,Hyderabad,2021-04-11,2.0,Yes
CUST0894,Vikram,25.0,Female,500.0,Bangalore,2021-05-31,4.0,
CUST0895,Kumar,,female,2000.0,Chennai,2021-09-27,5.0,yes
CUST0896,Priya,40.0,F,500.0,,2021-03-12,1.0,
CUST0897,Kumar,40.0,F,500.0,Chennai,2021-06-29,3.0,Y
CUST0898,Priya,40.0,M,500.0,Chennai,2021-05-04,1.0,N
CUST0899,Vikram,25.0,Female,1000.0,,2021-10-20,3.0,no
CUST0900,Vikram,,male,,Chennai,2021-10-12,5.0,N
CUST0901,Kumar,25.0,female,1000.0,Hyderabad,2021-07-14,3.0,no
CUST0902,Kumar,40.0,female,1000.0,Chennai,2021-08-16,4.0,N
CUST0903,Priya,,,500.0,Hyderabad,2021-10-02,,Y
CUST0904,Divya,,F,1000.0,,2021-04-16,3.0,no
CUST0905,Priya,45.0,Female,500.0,Hyderabad,2021-01-21,4.0,Yes
CUST0906,Kumar,45.0,M,,,2021-03-05,,no
CUST0907,,30.0,Female,2000.0,,2021-06-14,5.0,No
CUST0908,Kumar,35.0,,500.0,Hyderabad,2021-01-27,5.0,Yes
CUST0909,,45.0,Male,,Bangalore,2021-11-07,1.0,No
CUST0910,Arun,25.0,Female,2000.0,Delhi,2021-10-12,4.0,
CUST0911,Kumar,45.0,,1500.0,Chennai,2021-05-28,4.0,N
CUST0912,Arun,30.0,Male,500.0,,2021-10-08,2.0,Yes
CUST0913,Divya,,Male,500.0,Delhi,2021-11-22,2.0,N
CUST0914,Priya,30.0,M,1500.0,Chennai,2021-11-15,,
CUST0915,,,male,1500.0,Chennai,2021-06-13,,yes
CUST0916,Priya,,F,500.0,,2021-08-12,2.0,N
CUST0917,Arun,35.0,Female,1500.0,Chennai,2021-09-29,,
CUST0918,,45.0,Male,1000.0,,2021-05-26,3.0,N
CUST0919,Priya,25.0,Female,2000.0,Chennai,2021-12-22,2.0,
CUST0920,Kumar,25.0,male,2000.0,Hyderabad,2021-01-30,4.0,No
CUST0921,Vikram,40.0,F,2000.0,Delhi,2021-02-14,3.0,
CUST0922,Arun,,male,1000.0,Hyderabad,2021-10-02,,no
CUST0923,Priya,25.0,F,1500.0,,2021-02-03,5.0,yes
CUST0924,Arun,35.0,female,,Chennai,2021-05-21,1.0,N
CUST0925,Arun,,F,1500.0,,2021-11-14,2.0,
CUST0926,,35.0,M,500.0,,2021-08-09,5.0,
CUST0927,,25.0,male,2000.0,Hyderabad,2021-12-22,,N
CUST0928,Vikram,25.0,Male,1500.0,Hyderabad,2021-01-22,4.0,yes
CUST0929,Kumar,40.0,female,,Bangalore,2021-06-29,1.0,yes
CUST0930,Arun,25.0,M,500.0,Chennai,2021-11-25,5.0,
CUST0931,Priya,,Female,1000.0,,2021-08-19,1.0,Yes
CUST0932,Divya,,male,1000.0,Hyderabad,2021-02-07,2.0,No
CUST0933,Arun,,,,Hyderabad,2021-03-11,,yes
CUST0934,Arun,40.0,,500.0,,2021-04-26,4.0,yes
CUST0935,Vikram,40.0,Male,2000.0,,2021-08-27,,Y
CUST0936,Kumar,25.0,F,1500.0,,2021-12-01,1.0,no
CUST0937,Divya,30.0,Male,500.0,Chennai,2021-05-28,5.0,yes
CUST0938,,30.0,,1000.0,Bangalore,2021-01-09,2.0,No
CUST0939,,40.0,Female,,Hyderabad,2021-10-15,2.0,no
CUST0940,Priya,25.0,female,,Bangalore,2021-02-19,,no
CUST0941,Divya,30.0,female,1500.0,,2021-12-04,5.0,N
CUST0942,,25.0,male,,,2021-01-05,5.0,N
CUST0943,Priya,25.0,female,,Delhi,2021-12-09,1.0,N
CUST0944,Kumar,25.0,male,500.0,Chennai,2021-05-06,,N
CUST0945,Priya,45.0,male,2000.0,Delhi,2021-03-16,,Y
CUST0946,,,male,1500.0,Delhi,2021-06-14,3.0,yes
CUST0947,Vikram,25.0,,500.0,Delhi,2021-10-05,,N
CUST0948,Vikram,45.0,,2000.0,Chennai,2021-11-20,2.0,
CUST0949,Vikram,40.0,F,500.0,Chennai,2021-10-27,1.0,Yes
CUST0950,,30.0,M,500.0,,2021-10-17,5.0,N
CUST0951,Vikram,,male,,Bangalore,2021-03-18,,yes
CUST0952,Divya,30.0,male,2000.0,Bangalore,2021-10-25,1.0,N
CUST0953,Kumar,,M,1500.0,,2021-05-17,,Y
CUST0954,Priya,30.0,Male,1500.0,,2021-04-16,5.0,No
CUST0955,Priya,,male,2000.0,,2021-04-05,4.0,No
CUST0956,,30.0,F,,Delhi,2021-05-15,5.0,yes
CUST0957,Vikram,30.0,female,1000.0,,2021-03-09,5.0,
CUST0958,Vikram,30.0,female,500.0,Hyderabad,2021-05-27,5.0,No
CUST0959,Arun,30.0,Female,,Bangalore,2021-06-08,,No
CUST0960,Kumar,40.0,Female,2000.0,,2021-06-12,3.0,Yes
CUST0961,Divya,25.0,female,500.0,Hyderabad,2021-12-07,5.0,yes
CUST0962,Priya,35.0,female,1500.0,Hyderabad,2021-07-08,2.0,
CUST0963,Arun,45.0,,1000.0,Hyderabad,2021-12-05,2.0,yes
CUST0964,Arun,35.0,F,1500.0,,2021-04-05,1.0,No
CUST0965,,35.0,M,2000.0,,2021-06-30,3.0,No
CUST0966,Priya,,Female,500.0,Hyderabad,2021-10-15,1.0,No
CUST0967,,25.0,,2000.0,,2021-11-18,2.0,no
CUST0968,Divya,,,500.0,Delhi,2021-07-06,2.0,Y
CUST0969,Arun,25.0,M,,Hyderabad,2021-05-18,4.0,N
CUST0970,Arun,25.0,,1000.0,Delhi,2021-05-10,5.0,Y
CUST0971,Kumar,30.0,F,,Delhi,2021-07-13,2.0,yes
CUST0972,Divya,40.0,female,,Hyderabad,2021-11-12,,Yes
CUST0973,Arun,30.0,male,2000.0,Bangalore,2021-09-30,,N
CUST0974,Divya,40.0,M,1000.0,Hyderabad,2021-12-18,1.0,Yes
CUST0975,Priya,,female,500.0,Hyderabad,2021-05-24,1.0,
CUST0976,Vikram,40.0,female,500.0,,2021-01-16,5.0,no
CUST0977,Arun,,Male,1500.0,Hyderabad,2021-10-29,5.0,yes
CUST0978,Kumar,35.0,M,500.0,Bangalore,2021-09-02,4.0,no
CUST0979,Priya,35.0,,2000.0,,2021-04-17,3.0,yes
CUST0980,Divya,40.0,male,,Chennai,2021-03-29,1.0,Yes
CUST0981,,40.0,M,,Chennai,2021-05-09,5.0,Yes
CUST0982,Priya,,,,Delhi,2021-12-07,1.0,Yes
CUST0983,Arun,30.0,female,1000.0,Delhi,2021-01-04,5.0,yes
CUST0984,Divya,,male,500.0,Bangalore,2021-11-23,2.0,No
CUST0985,Vikram,30.0,,2000.0,,2021-11-02,1.0,Yes
CUST0986,Priya,35.0,F,1000.0,Chennai,2021-04-05,2.0,no
CUST0987,Arun,25.0,,1500.0,Delhi,2021-07-28,1.0,
CUST0988,Kumar,40.0,Male,2000.0,Chennai,2021-08-13,3.0,N
CUST0989,,30.0,female,2000.0,Bangalore,2021-12-14,4.0,yes
CUST0990,Divya,,,2000.0,Bangalore,2021-11-17,,no
CUST0991,Priya,35.0,Female,,,2021-02-16,,Y
CUST0992,Priya,30.0,Female,2000.0,,2021-06-30,,
CUST0993,Vikram,,Male,500.0,,2021-04-16,2.0,Y
CUST0994,Vikram,40.0,F,2000.0,Bangalore,2021-07-18,5.0,N
CUST0995,Kumar,40.0,female,,Delhi,2021-04-16,,No
CUST0996,,45.0,M,2000.0,Chennai,2021-10-07,3.0,Yes
CUST0997,Kumar,25.0,Male,1500.0,Hyderabad,2021-09-17,,yes
CUST0998,Arun,45.0,F,1500.0,,2021-04-18,1.0,no
CUST0999,Arun,35.0,M,,Hyderabad,2021-01-19,2.0,Yes
CUST1000,Kumar,30.0,Female,500.0,Delhi,2021-10-23,1.0,no
